2.33217,0.374159,-0.221761
-0.984055,-1.5927,-1.26425
0.391542,-0.956556,-0.327044
0.651547,-1.6688,-0.200204
2.60821,-1.05833,1.17932
1.17164,-2.56743,0.665574
0.785642,-2.65408,0.544945
-1.57215,-4.56629,0.280173
-1.57594,-4.95758,0.19476
0.731694,-3.87594,1.43841
3.11188,-4.0723,2.73116
3.09946,-4.40311,3.23517
3.03291,-4.51569,3.36558
-0.579582,-6.30642,1.99891
2.08899,-5.539,3.38415
2.37332,-6.70462,3.88374
1.6256,-6.90411,3.26853
1.26129,-7.18431,3.58632
2.1204,-7.62942,4.03746
1.18892,-8.136,3.89901
-0.281648,-9.23707,3.34662
1.71226,-9.40766,4.89538
1.29106,-9.5517,4.89986
3.9091,-9.29236,6.12579
4.05824,-9.73753,6.34132
-0.983654,-11.5399,4.68569
1.49928,-11.8947,6.029
1.10335,-12.3286,6.36944
3.51776,-11.746,7.67057
2.29191,-12.4575,7.29871
2.39007,0.607709,0.389634
1.61566,-0.535715,0.432153
-1.67914,-1.56002,-0.844558
-0.426219,-1.85364,-0.188093
1.16437,-1.68419,0.749121
0.41577,-2.55882,1.09877
1.19525,-2.72394,1.91855
0.643998,-3.4708,1.82867
2.2944,-2.87357,2.18803
2.96251,-3.11197,2.59721
2.70233,-3.65233,2.96796
-1.12255,-5.86143,2.1778
2.20148,-4.51612,3.24956
-0.688394,-6.50037,2.48061
2.83657,-5.7864,4.29928
0.03405,-6.67169,3.3438
0.205514,-7.20426,3.26012
2.99179,-6.59138,4.90384
3.13716,-7.02651,5.28262
0.959964,-8.32837,4.76773
1.73745,-8.04967,4.82881
-0.16241,-9.34803,4.68669
3.79584,-8.37252,6.28592
2.94922,-9.4959,6.41537
1.8215,-9.8862,6.17357
2.71042,-9.91324,6.65062
2.24694,-10.6458,6.55103
-0.042942,-12.2208,6.15708
1.11312,-12.4381,7.20491
2.97093,-12.308,8.09499
2.30267,1.3446,0.866603
0.685444,-0.442833,0.56082
1.14643,-0.478952,1.02123
-1.05374,-1.78017,0.162029
0.903872,-1.31298,1.43213
2.3978,-1.01763,1.81352
0.672828,-2.06378,1.78723
-0.01546,-2.66212,1.65225
-0.366362,-3.76944,1.54222
-0.247228,-3.9088,2.31558
-0.228746,-4.89546,2.38487
-0.107992,-5.04781,2.89408
2.80626,-4.43297,4.07968
0.93863,-5.48975,3.50417
0.835152,-6.17623,3.61994
-0.620786,-6.998,3.38169
2.38183,-5.64889,4.89482
-1.65176,-8.07792,3.24124
0.367004,-7.49118,4.46464
1.95994,-7.47518,5.26591
-1.42121,-9.19928,4.08828
2.55966,-8.50097,6.48986
1.05793,-9.72646,5.79145
0.143216,-10.2941,5.47238
0.009796,-10.1399,5.63311
-0.738362,-11.3986,5.51312
-0.401592,-11.4819,5.91121
3.31696,-10.5929,7.6124
-0.057584,-12.55,6.99932
-0.856768,-13.3576,6.68186
2.09338,0.916878,1.15015
-0.83498,-0.13635,-0.01985
-1.05542,-1.4494,0.556213
-1.75933,-1.4465,0.424777
0.64473,-0.851845,1.53565
1.88738,-1.02594,2.50238
-1.97769,-3.47935,1.15787
2.52087,-1.63637,2.82747
0.504638,-3.16486,2.49458
2.01773,-2.92428,3.33496
-1.37378,-4.68754,2.1882
2.14425,-4.00487,4.21612
-0.746254,-5.21244,3.16158
1.82555,-4.58334,4.27827
1.38938,-5.16511,4.57588
0.877508,-5.85533,4.26518
-1.37758,-6.83067,3.61276
2.32486,-6.4831,5.60281
3.09136,-6.03209,6.14217
1.53842,-7.38819,5.7946
1.71496,-7.86699,6.34772
-0.894032,-9.00808,5.22284
2.13521,-8.52355,6.59559
-1.27362,-10.4528,5.8772
-0.732832,-10.9114,6.35922
0.597298,-10.681,7.05399
0.22322,-11.1521,6.68471
1.09399,-11.0884,7.49479
1.67755,-11.5269,8.09381
2.95363,-11.1115,8.80877
-1.3051,-0.00325056,0.205679
-2.12913,-0.191624,0.0950799
-1.13381,-0.652822,1.0888
1.4271,-0.341325,2.06888
-1.15261,-1.70633,1.35892
-1.4997,-2.30664,1.40192
-1.05432,-2.66781,2.10646
-2.3081,-3.61488,2.1215
2.22102,-1.76368,3.64652
2.12097,-2.85031,4.39661
0.941626,-2.99959,3.59802
2.53051,-3.05913,4.6539
-1.49498,-5.61207,3.61319
1.09088,-5.07439,4.81802
-0.007712,-5.4256,4.33272
-0.40991,-5.96893,4.13652
-0.621564,-7.12587,4.56853
-1.2269,-7.68824,4.71223
1.22338,-6.4962,5.81507
0.499252,-7.998,5.85048
0.19456,-8.26593,5.83446
-0.430936,-9.23276,6.12962
-1.93709,-10.0102,5.83616
1.15948,-8.80092,7.03926
3.03924,-8.47864,7.97111
-1.38134,-11.2368,6.45488
-1.74538,-11.8136,6.54933
1.20491,-10.6177,7.9087
1.03499,-11.287,8.17209
-1.21413,-12.4438,7.09201
3.35313,-9.96188,4.58625
-0.199742,-11.6932,2.94745
4.43358,-10.5598,5.43617
4.06605,-11.0137,5.44887
4.96162,-11.0522,5.86499
1.81912,-12.8836,5.01926
0.46051,-13.7541,4.66134
1.80204,-13.5006,5.11185
3.44048,-9.57743,4.98632
1.41388,-10.8842,4.30859
4.5861,-10.0225,5.86055
0.925492,-12.0868,4.4799
-0.238352,-12.7741,4.46116
3.47666,-11.7789,6.3171
1.55606,-13.0639,5.57074
0.154764,-13.6139,5.32775
0.001242,-10.4614,3.70458
-0.069198,-10.9367,3.9594
1.5986,-11.0025,5.20034
3.93816,-10.253,6.45342
-0.138566,-12.0808,4.89907
2.04853,-12.0112,6.28282
0.216434,-12.9017,5.51948
2.68112,-12.6778,6.91982
2.64092,-9.54379,5.45284
0.87983,-10.4757,4.75092
-0.251472,-11.2766,5.01689
1.86924,-10.8254,5.97898
-0.424114,-12.2594,5.34402
0.150632,-12.3034,5.79996
3.38007,-11.5682,7.35081
3.85376,-12.1325,7.74539
-3.48401,0.804692,2.33529
-0.900816,1.69499,3.98832
-4.2116,0.0696874,2.5902
-1.14422,0.77666,4.08642
0.146434,0.630175,5.02658
-2.0795,-0.554484,4.00574
-4.01122,-1.82738,3.89568
0.986804,-0.266567,6.08779
-3.13051,-2.06468,4.67573
-2.49407,-2.44982,4.76147
-0.779294,-2.16472,5.78103
0.017934,-2.48226,6.55738
0.781878,-2.46364,7.10302
-0.04438,-3.22353,6.73799
-1.25938,-3.98579,6.81524
-2.02431,-4.84051,6.54997
-3.44877,-6.05535,6.10294
-0.566398,-5.21307,7.90168
-3.25602,-6.90942,6.95231
-3.43807,-7.03264,7.1438
-2.39412,-7.23646,7.68178
-1.15156,-7.21106,8.3652
0.414828,-6.95228,9.22586
0.140396,-7.76918,9.47059
-2.78102,-9.27355,8.39947
-1.64594,-9.13285,9.36279
-2.34587,-10.0269,9.28574
1.56617,-8.91737,11.4118
-2.38828,-10.6267,9.65658
0.219808,-10.3546,10.8008
-3.65106,1.23816,3.06045
-3.52546,0.913001,3.16162
-4.48866,0.306426,3.00163
-0.352862,1.11905,5.09739
-0.862732,0.992286,5.08362
-3.39876,-0.836193,4.21954
-3.75415,-1.42881,4.37766
-0.55159,-0.74757,5.72736
-1.16837,-1.02982,5.68951
-4.17985,-3.13357,4.69404
-3.80439,-2.82187,5.24605
-3.44205,-3.5822,5.73369
-3.07923,-3.8382,6.0493
-2.22666,-3.87128,6.66269
1.03404,-2.92313,8.24621
0.103714,-4.01894,7.94767
-2.40668,-5.43757,7.35482
-0.060574,-4.73327,8.63894
-1.13364,-5.61316,8.39435
-1.28428,-6.15498,8.22954
-0.615188,-6.51164,9.1201
-1.03271,-6.86806,8.91889
0.961352,-6.81533,9.91911
0.93002,-7.19449,10.4461
-2.45711,-8.73098,9.14143
1.44872,-7.71336,10.8291
-1.42559,-9.13346,10.0006
1.70144,-8.82334,11.4818
-0.337864,-9.99537,10.944
0.288128,-9.88778,11.2119
-1.44473,2.47191,4.40623
-1.39562,2.02764,4.52498
-3.1096,1.03911,3.83452
-0.736588,1.4803,5.44812
-2.76984,0.398743,4.48969
-2.59652,-0.238656,4.75033
-4.47057,-1.16893,4.42577
-0.390352,-0.203624,6.4128
0.426048,-0.179324,6.96415
-0.23652,-0.886442,6.98066
-0.521736,-1.34852,7.25168
0.586766,-1.58152,7.66491
-3.62827,-3.73112,6.19323
-0.667154,-3.19471,7.64869
0.702734,-2.77459,8.31595
-3.84411,-5.19755,6.94671
-1.87408,-4.79213,7.84337
-1.60591,-4.77024,8.419
-2.45551,-5.7547,8.17845
0.616996,-5.04748,9.67324
-0.451876,-5.6108,9.62719
0.393474,-5.93852,10.0125
-0.738298,-7.17671,9.91508
-2.01509,-7.5552,9.65732
-0.578744,-7.98868,10.3729
-1.52949,-8.50417,9.92746
-2.12877,-9.40754,10.3772
-2.5766,-9.57379,10.4514
-3.04556,-10.2813,10.4733
1.37246,-9.37149,12.7183
-1.06606,2.7661,5.07258
-0.566694,2.92876,5.38558
-1.99704,1.56727,4.90046
-1.55478,1.52219,5.626
-3.07775,0.432505,5.24559
-1.50416,0.501488,6.03628
-4.50605,-1.33473,4.8403
-3.36123,-1.21744,5.6349
-0.364976,-0.350667,6.94204
-4.37393,-2.42441,5.69419
-0.597026,-1.46147,7.63694
-2.13747,-2.37279,7.30561
0.229286,-1.5694,8.4772
-0.187132,-2.41501,8.2579
-3.92164,-4.36132,7.25159
-0.50333,-3.36775,8.60701
-3.4009,-5.0481,8.00013
0.452378,-3.98856,9.7914
-3.05007,-5.43774,8.48665
-1.54241,-5.70218,9.06505
-3.01179,-6.57949,8.77317
-0.85004,-6.28418,10.3589
-1.66919,-7.03738,9.98018
0.88424,-6.34862,11.3849
-3.40797,-8.38275,9.92007
-3.27036,-9.15674,9.86706
-3.22512,-9.24983,10.4266
-2.124,-9.32959,10.8484
0.359288,-8.83365,12.3886
-2.59952,-10.5056,11.0379
-3.22132,2.51036,4.48564
-1.65724,2.2358,5.22029
-1.45785,2.29368,5.60862
-1.16313,1.78147,6.24779
-4.14525,0.256103,4.83526
-1.19052,1.02763,6.76821
-4.79689,-0.834381,5.04209
-0.772978,0.292098,7.38707
-4.33803,-1.37413,5.90914
-3.29293,-1.52166,6.27317
-3.46979,-2.23328,6.80472
-4.50847,-3.04107,6.72276
-2.34493,-2.54606,8.06923
-4.80616,-3.78135,7.20589
-4.14358,-3.86211,7.54284
-1.25944,-3.59154,8.71299
-1.95252,-4.06157,8.95286
0.37941,-3.90964,10.0825
-0.038548,-4.40565,10.0554
0.20093,-4.47405,10.4466
-1.74847,-5.62715,10.127
0.6699,-5.48843,11.0442
-1.53374,-6.66201,10.8415
-4.09877,-8.08587,9.41099
-2.24254,-7.7538,10.8613
-3.74314,-8.95268,10.4392
-1.66891,-8.67578,11.2428
0.879728,-8.08482,12.8982
-2.67796,-9.59279,11.6357
-2.978,-9.96693,11.6961
-2.51519,2.99905,5.0682
-5.51091,1.45289,4.53936
-2.70048,2.08026,5.71162
-0.835224,2.35001,6.67953
-3.15684,1.12402,6.12268
-1.39737,-8.09121,11.903
-0.418552,-7.91994,12.6571
-2.20668,-9.40874,12.2525
-1.94534,-9.51443,12.6434
-5.49902,2.34778,4.52123
-2.39935,2.8224,6.16258
-3.11534,2.01233,6.14856
-4.86369,1.26407,5.50529
-2.4742,1.63826,6.45034
0.353608,-7.23753,13.4322
-0.80734,-7.82501,13.083
-3.07628,-9.18194,12.1235
-2.16904,-9.62686,12.9465
-1.17058,3.75045,6.67658
-3.68652,2.91781,6.0124
-2.53803,2.67995,6.60904
-1.9349,2.73836,7.3188
-2.80864,1.7751,7.23057
-3.30044,-8.33512,12.1467
-4.10936,-8.68672,12.2273
0.345428,-7.8068,14.0062
-3.41964,-9.67831,12.8025
-2.45692,4.24143,6.78814
-3.58581,3.13798,6.27778
-5.07308,1.85836,6.05776
-4.93047,1.9367,6.55673
-4.33197,1.49037,7.17929
-2.32,-7.41243,12.7526
-1.67006,-7.74827,13.4762
-2.57268,-8.53035,13.7313
-4.66544,-9.61196,12.5807
-2.12308,4.58583,7.40357
-3.13968,3.47769,6.97691
-4.65466,2.4534,7.10457
-4.68243,2.07883,6.95984
-2.313,2.47418,7.9984
-3.96315,-7.94761,12.7476
-4.24316,-8.39491,12.8473
-4.09414,-8.91719,13.1165
-2.60262,-8.49458,14.1145
-2.65007,4.34307,7.58504
-5.13349,3.23841,6.96599
-4.13592,3.13452,7.46442
-5.72647,1.97783,6.98607
-6.22436,1.29683,7.07751
-4.88425,1.5282,7.7228
-2.61716,1.75931,8.97472
-2.43013,1.53999,9.48705
-4.64865,0.121462,8.96553
-2.7738,0.654925,9.69403
-1.65098,0.459519,10.4652
-5.13493,-1.31342,8.95671
-5.97261,-2.08233,8.82669
-4.88996,-2.24683,9.73049
-3.3357,-1.91586,10.5095
-2.31153,-1.84952,11.6195
-1.27697,-1.83273,12.176
-1.01828,-2.63792,12.2785
-2.0823,-3.39752,12.0606
-3.12177,-3.95784,12.1228
-1.83268,-4.09053,12.5341
-2.68196,-5.05141,12.604
-4.77949,-6.20655,12.1424
-2.82971,-5.47393,13.1675
-2.71294,-5.96187,13.6381
-1.86726,-6.46252,13.831
-2.88606,-7.08531,13.5434
-5.50121,-8.32688,13.0782
-0.53902,-6.87845,15.3445
-5.43219,-9.34497,13.6893
-4.94323,3.83538,7.25574
-5.54029,3.40758,7.33873
-2.92306,3.70217,8.43362
-6.903,1.71389,7.31431
-6.2301,1.40835,7.54857
-6.57826,1.02052,7.59758
-5.50817,0.909496,8.1384
-5.48662,0.576554,8.37353
-1.6141,1.76669,10.2837
-4.48239,-0.0919212,9.37806
-6.12585,-1.0712,8.921
-5.70051,-1.3051,9.29106
-2.87347,-0.506952,10.7341
-5.23397,-1.84016,9.90827
-2.74288,-1.42353,11.143
-2.75907,-1.67125,11.6971
-5.87354,-3.38121,10.7453
-1.71202,-2.42536,12.4309
-6.29454,-4.69727,11.1482
-1.52106,-3.31382,13.4186
-4.05583,-4.47227,12.4548
-4.9621,-5.62273,12.0909
-1.22679,-4.54768,13.9111
-2.49669,-5.55084,13.7566
-3.40295,-6.09678,13.6002
-1.99502,-6.00189,14.6125
-2.19344,-6.70859,14.4568
-3.48168,-7.26192,14.3689
-5.19962,-8.68104,13.9715
-3.24624,-8.26002,14.8783
-3.81764,4.73828,8.09271
-4.9,3.91976,8.03518
-6.41009,3.00669,7.43688
-5.62683,2.56283,8.08942
-3.17185,3.07272,9.33992
-3.95134,2.26371,9.50695
-6.2883,1.01707,8.41527
-4.87548,1.33497,9.51608
-2.56557,1.37936,10.7362
-4.32274,0.465546,10.0868
-6.26711,-0.652142,9.31512
-3.49853,0.102997,11.0064
-3.13706,-0.355959,11.4088
-4.6875,-1.32016,11.085
-5.25528,-2.07705,11.0397
-2.86361,-1.44448,12.2115
-1.79244,-1.52489,12.7543
-4.47759,-3.34295,11.7779
-2.07774,-2.7183,12.9876
-4.24579,-3.85634,12.4508
-1.97633,-3.3435,13.8888
-3.96034,-4.81565,13.1969
-5.15661,-5.73296,12.8555
-6.11809,-6.43805,12.9772
-3.83602,-5.8014,13.8587
-4.90111,-6.66569,13.9412
-2.7402,-6.34871,14.5452
-3.34488,-6.92045,15.0542
-4.73802,-8.20843,14.5795
-2.38474,-7.6696,16.0086
-6.2186,3.82435,7.50957
-3.11576,4.63694,9.18564
-4.35609,3.6917,9.04765
-4.42407,3.15731,9.06699
-5.29855,2.37503,9.04074
-6.96933,1.30224,8.36884
-3.06243,2.8334,10.42
-4.91671,1.36443,9.75503
-4.25943,1.35754,10.2649
-2.45966,1.7031,11.3359
-6.64462,-0.66806,9.79313
-5.91314,-0.51871,10.5806
-2.01566,0.36716,12.3685
-5.62328,-1.34669,10.7797
-6.72765,-2.67222,10.6895
-5.88474,-2.54904,11.4512
-1.88257,-1.58568,13.1549
-3.17605,-2.27731,12.637
-3.70484,-2.73108,12.9609
-5.87789,-4.52694,12.2258
-3.51932,-4.09565,13.4194
-2.32529,-3.71534,14.4841
-1.52025,-3.78558,14.7289
-5.29286,-5.7744,13.668
-6.31601,-6.54729,13.4035
-1.62386,-5.27699,15.5885
-1.51082,-5.95768,15.7395
-2.75024,-6.65878,15.7993
-6.03008,-8.41718,14.2632
-4.6171,-8.25196,15.3682
-7.58853,3.82749,7.16218
-7.0488,3.72435,7.79317
-3.64939,4.27593,9.44739
-7.70494,2.64624,8.06006
-4.33291,3.26125,9.70252
-3.76375,3.00526,10.4738
-6.20075,1.81833,9.3329
-7.34895,0.962722,9.15522
-3.27181,1.93386,10.9299
-6.96801,0.055508,9.90016
-6.26321,-0.01494,10.2051
-3.76061,0.482862,11.5282
-2.47548,0.613054,12.4437
-5.22816,-1.06285,11.5138
-2.20084,-0.565043,12.9734
-6.95773,-2.77759,11.5321
-7.12523,-2.86864,11.4969
-2.55686,-2.11774,13.6217
-6.23575,-3.57116,12.4639
-2.56026,-2.90121,14.14
-4.72681,-3.80176,13.383
-3.68709,-4.03204,14.2131
-5.61737,-5.1075,13.3092
-3.32242,-4.94109,14.8801
-5.51067,-5.96149,13.9578
-3.74818,-5.94304,15.2949
-2.48658,-5.59328,15.7339
-4.17448,-6.78737,15.2143
-6.49076,-8.21698,15.0518
-1.19022,-6.56862,16.9411
-9.62384,5.05325,10.6892
-7.22174,6.02582,11.4964
-7.20866,5.27067,12.2489
-9.76036,4.59657,11.2147
-8.96878,3.67832,11.7756
-5.26647,4.46287,13.5632
-7.53681,3.68651,12.6808
-9.45835,2.98352,12.261
-4.75706,4.03783,14.0781
-8.80081,1.40122,13.2485
-4.38,3.29538,14.8568
-4.84988,2.40938,15.0502
-6.69612,0.883655,14.7236
-5.24593,1.32602,15.5038
-5.66884,0.223104,15.6097
-7.93998,-0.0062528,14.7749
-7.62369,-0.9489,15.4828
-6.80402,-1.06499,15.9273
-8.02146,-2.06076,15.6832
-8.49048,-2.22018,15.163
-6.87035,-2.30882,16.2913
-4.83512,-2.12317,17.8826
-5.15539,-2.19017,17.8244
-5.02325,-2.73367,17.8485
-4.51614,-3.3934,18.7124
-3.48846,-3.6791,19.1303
-4.27142,-4.5395,19.1266
-3.99842,-4.41702,19.2328
-4.0649,-4.98788,19.9338
-3.91732,-4.60791,19.9294
-7.81169,6.5513,11.6041
-5.80377,6.49933,13.1269
-7.84199,5.38735,12.0622
-9.89374,4.35071,11.7139
-5.85052,5.82136,13.3024
-7.23238,4.23995,13.5706
-6.70175,4.29452,13.503
-7.75211,3.69097,13.2189
-9.65478,2.27281,13.1998
-7.21191,2.89685,14.1182
-6.24878,2.56169,14.8798
-6.85712,2.33188,14.8027
-5.02743,2.51006,15.5497
-5.49642,2.05958,15.8194
-8.672,-0.0735056,14.604
-7.29062,0.0257984,15.8221
-7.65004,-0.42442,15.6464
-8.00841,-1.08951,15.7432
-5.52688,-0.977906,17.1822
-8.39575,-1.97926,16.0141
-8.98889,-2.59616,15.7439
-8.27518,-3.20887,16.7091
-6.16455,-2.74003,18.0926
-5.82255,-2.65446,18.1253
-4.4111,-3.21858,19.0663
-8.16715,-4.63018,17.5223
-6.65804,-5.06485,18.498
-5.6359,-4.17265,19.0921
-6.4372,-4.871,19.1679
-8.37837,-6.16164,18.3057
-8.2673,6.23402,12.3065
-9.73771,5.71465,11.8606
-7.15838,6.59533,12.9877
-5.69515,6.75508,13.8357
-7.31593,4.98891,13.6385
-8.71882,4.57239,13.0106
-9.33071,3.22295,12.9596
-8.36823,3.05444,13.9977
-7.80582,3.56536,14.147
-8.26417,2.57594,14.4338
-8.68305,2.45372,14.2444
-7.24684,2.08627,15.0533
-6.06221,2.14823,16.0952
-4.9965,2.2293,16.5443
-7.4362,0.465845,15.9807
-7.62067,0.228551,16.0792
-8.63267,-0.169306,15.6688
-7.05862,-0.186601,16.3284
-5.17711,-0.0356704,17.3922
-7.60802,-1.80291,17.2651
-4.77473,-1.13154,18.6572
-5.0664,-1.41594,18.4515
-7.65583,-2.56557,17.6086
-4.34192,-2.00845,19.0542
-5.13212,-3.06894,19.5581
-5.04222,-3.01623,19.3335
-4.15798,-3.48456,20.1652
-4.47424,-4.25246,20.0778
-5.02916,-4.51928,20.1613
-8.35668,-6.40094,19.1415
-6.26279,7.71823,13.5624
-5.47765,7.31363,14.1078
-9.06494,5.38781,12.7191
-8.17371,5.29713,13.1992
-8.93737,4.8374,12.9035
-10.1003,3.95954,13.1999
-6.7746,5.03912,14.6358
-6.82151,4.33313,14.7573
-8.24751,3.08735,14.8465
-7.38078,3.05336,15.2027
-7.2214,3.06752,15.155
-9.90522,1.67248,14.2534
-5.97839,2.05301,16.6293
-4.68537,2.31914,17.2592
-7.41315,0.905597,16.1735
-4.60748,1.82631,17.4798
-7.17065,0.0346784,16.9649
-6.48006,-0.243614,17.2445
-8.70533,-1.05906,16.7077
-5.23417,0.0299528,18.2982
-8.89527,-1.8086,16.8252
-7.45812,-2.25748,17.7575
-5.75752,-2.23081,18.7939
-9.44852,-3.78994,17.9919
-8.12208,-4.03885,18.3951
-4.98936,-3.06043,19.8735
-7.62011,-4.10313,19.0818
-8.82106,-5.2535,18.6027
-6.27478,-5.0904,20.3428
-5.60352,-4.76804,20.5416
-8.39451,6.66365,13.0156
-8.2477,6.42276,13.5947
-5.71357,6.94811,14.9224
-9.70875,5.36828,13.0891
-8.9511,5.34796,13.6871
-7.75503,5.53707,14.2636
-10.2442,4.26622,13.6132
-6.56959,4.94933,15.3246
-10.4466,2.98403,14.1203
-9.4307,2.38526,15.0055
-6.22202,3.248,16.667
-8.63548,2.37021,15.1921
-8.91763,1.27062,15.7423
-6.68043,1.55289,16.9292
-7.97405,1.24078,16.5545
-7.06548,1.15013,17.112
-9.14579,0.0021688,16.6109
-7.79762,0.302953,17.3072
-4.80559,0.185874,19.0438
-5.27015,0.0495832,18.7642
-8.47675,-1.84925,17.7058
-5.60692,-0.978586,19.1358
-4.72592,-1.16422,19.8511
-6.3337,-2.32854,19.6281
-5.74322,-2.61098,19.7424
-9.39641,-4.48024,18.6548
-8.47614,-4.47855,19.3586
-8.29458,-4.54882,19.1787
-5.58156,-3.64881,20.8277
-4.55122,-4.57481,21.8196
-4.43431,-3.19457,16.5969
-6.75972,-4.48189,15.8399
-3.54142,-3.80009,17.3792
-6.57355,-5.20944,16.1203
-7.44822,-6.06612,16.2555
-5.11456,-5.42005,17.5111
-7.63755,-7.13739,16.4644
-5.99168,-6.6253,17.6857
-4.4858,-2.91684,16.8215
-7.60755,-4.44668,15.7566
-4.29786,-3.876,17.7049
-3.7273,-4.1351,17.8613
-5.81986,-5.30316,17.3664
-6.06708,-5.54433,17.7993
-5.32404,-6.12814,18.0592
-3.35712,-5.39219,19.1825
-3.27278,-2.43609,18.0235
-6.28553,-3.58687,16.9721
-4.0074,-3.37643,18.2312
-6.48499,-4.7015,17.4864
-4.74326,-4.485,18.6323
-5.84784,-5.51838,18.1029
-4.90988,-5.23818,19.0091
-5.9644,-6.4215,18.3911
-4.54056,-2.34527,18.0245
-4.50626,-2.92075,18.1861
-7.92311,-4.52892,17.0815
-5.19692,-4.04712,18.3283
-3.60268,-3.80632,19.3406
-7.88544,-5.85514,17.5852
-5.3443,-5.3155,19.021
-4.49812,-5.72741,19.6374
-11.6019,7.88506,14.5904
-9.85109,8.12483,15.3306
-10.7942,6.97076,15.385
-8.21623,7.75924,16.5572
-9.91606,6.54997,16.1299
-8.83488,6.5593,17.0001
-7.59938,6.53494,17.4681
-7.77364,5.83163,17.8335
-9.98422,4.56345,17.1972
-8.05496,4.78993,18.1754
-11.0689,3.57201,17.435
-10.5862,3.13499,17.4439
-10.5626,2.62428,17.8101
-11.0225,2.3793,17.9994
-6.76308,3.51499,19.8124
-10.6061,1.67948,18.4307
-8.01508,2.20423,19.7372
-7.94751,1.40395,20.0344
-10.1094,0.594911,19.5611
-7.88072,0.972774,20.6388
-8.67973,-0.0171376,20.813
-7.59152,-0.116441,21.1908
-8.2695,-0.66008,20.9599
-11.0238,-2.17521,20.6401
-8.8832,-1.91864,21.5057
-7.59362,-1.599,22.3487
-8.03006,-2.63009,22.3605
-6.17524,-1.88951,23.3668
-5.99918,-2.43264,23.4533
-7.58292,-3.497,23.0972
-9.82528,8.65459,15.9851
-10.891,7.99945,15.4371
-11.6156,6.92389,15.5491
-10.5435,7.22071,16.0226
-9.46696,6.99017,16.6439
-7.34156,7.75409,18.0975
-9.15314,6.31165,17.4033
-8.94913,5.87328,18.1508
-11.8711,4.51354,16.9216
-11.0046,4.18554,17.7023
-9.25352,4.43524,18.6537
-8.79203,4.36487,18.669
-11.6483,2.88324,18.0375
-7.75554,3.75668,19.5333
-9.0635,2.88202,19.5713
-11.5647,1.51888,18.9278
-7.83443,2.67378,20.5246
-8.57277,1.76359,20.087
-9.89001,0.728706,19.9717
-8.35805,0.808557,21.0468
-7.51913,1.01974,21.6908
-6.55711,0.73781,22.2561
-7.0471,0.0005032,22.2167
-9.69331,-1.31857,21.1883
-10.5847,-2.2417,21.4213
-10.4825,-2.69306,21.4477
-10.8444,-3.0905,21.3317
-9.05666,-3.07061,22.6778
-6.18368,-2.2341,23.9616
-10.5413,-4.10222,22.4683
-12.4005,7.99899,15.4478
-11.327,8.00389,16.0855
-11.1939,7.55423,16.232
-9.59802,7.64997,16.8637
-9.00309,7.42012,17.7378
-10.2923,6.42134,17.2879
-12.0807,5.68953,16.5661
-8.67926,6.25562,18.7098
-10.3342,5.23535,18.1869
-10.2856,5.10504,18.2123
-11.144,4.18064,18.349
-11.6969,3.43224,17.8933
-11.9393,3.15152,18.2591
-7.85256,3.78577,20.3046
-9.23991,3.04168,19.5848
-11.2139,1.56328,19.2616
-11.339,1.13568,19.5319
-10.2025,1.37646,19.9837
-6.91116,2.20891,21.955
-8.86198,0.882666,21.1858
-9.72389,0.244272,20.9363
-10.4608,-0.398531,20.888
-11.002,-1.39773,20.9765
-8.33559,-0.454546,22.5054
-7.59234,-0.540068,23.0504
-11.3247,-2.52386,21.6261
-7.81888,-1.63204,23.3005
-10.6423,-3.13899,22.1383
-7.64244,-2.86871,23.8279
-7.73276,-2.90451,24.0995
-8.59112,9.74997,17.1519
-9.86807,8.97966,17.0338
-12.4882,7.70532,16.0747
-8.05233,8.56068,18.4064
-12.0718,6.73148,16.6369
-8.04724,7.72215,18.4775
-11.7183,6.01958,17.0551
-9.57089,6.32675,18.5273
-11.0269,5.1837,18.3951
-9.59158,5.24624,18.7968
-7.3516,5.94858,20.3319
-8.01069,5.06365,19.9918
-9.66832,4.06024,19.4599
-9.57097,3.73189,20.0148
-11.1078,2.53659,19.4657
-7.45101,3.86553,21.4925
-8.08333,2.76584,21.3399
-11.1907,1.22119,20.1214
-9.82422,1.38366,20.9103
-11.6441,0.279307,20.5126
-9.22069,0.583792,21.9404
-11.2672,-0.290739,21.365
-7.51761,0.700765,23.1683
-8.41077,-0.310261,22.9535
-10.7228,-1.53423,22.087
-6.49958,-0.613156,24.3052
-9.56676,-2.16255,22.9847
-8.29676,-2.02371,23.8876
-10.4266,-3.416,23.1345
-10.4239,-3.75064,23.8382
-11.1297,8.89108,16.6242
-9.68611,9.05995,17.4004
-12.5676,7.88995,16.6531
-12.9667,7.02407,16.4881
-10.1365,7.96343,17.9761
-10.1352,7.43531,18.3801
-9.78121,6.90547,18.7152
-10.3801,6.3608,18.9561
-11.2276,5.76347,18.5605
-11.4698,4.89173,18.798
-12.1142,4.58917,18.6479
-12.4883,3.80808,18.8492
-10.666,4.24409,19.913
-10.3665,3.58859,20.0484
-11.535,2.9193,20.1343
-11.8777,2.08579,20.1521
-9.61345,2.66796,21.2719
-9.2761,2.50858,21.5911
-11.4014,0.940748,20.7018
-11.5078,0.358394,21.1256
-10.9015,0.481629,21.2887
-8.43508,0.945624,22.8487
-11.0768,-0.458718,22.2518
-9.58346,-0.500055,22.6411
-11.0995,-1.24896,22.5198
-10.1424,-1.57474,23.3608
-11.7442,-2.66382,22.5338
-7.91912,-1.4242,24.4898
-6.95816,-1.56201,25.313
-11.4079,-3.84105,23.7131
-9.92323,9.93105,17.6823
-10.648,9.15572,17.4815
-9.39152,9.00458,18.2501
-11.7391,7.73712,17.7922
-10.4019,8.11237,18.3728
-10.7347,-1.69018,23.5351
-7.34784,-1.07467,25.5607
-8.57744,-1.76925,24.9732
-11.0246,-3.39014,24.1945
-8.89689,10.3649,18.4865
-12.2312,8.94058,17.1691
-10.5548,9.07449,18.228
-12.8067,7.6814,17.4186
-8.99395,8.56702,19.2968
-8.94024,-0.674848,24.9835
-8.4228,-1.22306,25.2741
-8.67526,-1.61253,25.4354
-10.714,-2.70802,24.9585
-10.0107,10.3201,18.8556
-9.19628,10.1057,19.2649
-12.024,8.90812,18.1673
-13.5844,7.9686,18.002
-12.1177,7.73202,18.6861
-7.89602,-0.082324,25.6959
-8.58266,-0.884192,25.7683
-12.2944,-2.7874,24.3607
-7.72042,-1.51512,26.6523
-11.2617,10.3098,18.7278
-8.96504,10.6806,19.526
-13.4333,8.34484,18.1411
-8.9124,9.9681,20.066
-11.0692,8.57669,19.3767
-9.00502,-0.088024,25.906
-11.1453,-1.35488,25.2435
-8.41528,-1.24598,26.6005
-9.52528,-1.97698,26.526
-12.95,10.0693,18.5678
-9.92519,10.8814,19.9015
-12.7699,8.97388,19.086
-9.64999,9.91321,20.1472
-13.2323,8.12173,19.0497
-11.6442,-1.1605,25.3808
-9.49752,-0.786164,26.2281
-12.173,-2.38084,25.3229
-9.30286,-1.55705,27.0247
-11.8194,10.4896,19.228
-12.4794,10.1496,19.3957
-11.8274,9.8768,20.0213
-11.5187,9.19943,20.1799
-9.40704,9.65258,21.4796
-12.6372,8.22233,19.9847
-10.7172,8.38456,21.3264
-10.843,8.21666,21.4716
-11.6471,7.11853,21.3676
-9.5064,7.4959,22.354
-13.639,5.61781,20.7736
-12.2814,5.63666,21.9583
-12.9863,4.72594,21.7272
-13.7025,4.23404,21.3348
-8.79022,5.61466,24.1023
-13.3951,3.47842,22.0058
-9.10951,4.51688,24.3202
-9.56174,4.03909,24.3979
-11.8564,2.51737,23.4597
-11.654,2.44404,23.8561
-10.8419,1.94343,24.3839
-13.3553,0.914838,23.8879
-9.84018,1.93465,25.6205
-9.0159,1.7262,26.1044
-9.38276,1.05295,25.9282
-11.1023,-0.0696456,25.6379
-11.8908,-0.93961,25.7968
-11.4902,-1.0411,26.2353
-12.9869,-2.12363,25.4293
-9.02798,-0.951536,27.488
-11.8539,10.7688,19.6056
-14.031,9.98265,19.1311
-14.5598,9.11476,19.3738
-12.1238,9.59325,20.2678
-10.8909,9.47681,21.1691
-13.9138,8.12365,19.9835
-11.6639,8.32454,21.1511
-11.4916,8.06551,21.8771
-11.6764,7.31303,21.6586
-11.4332,7.28716,22.0788
-11.2662,7.0371,22.5895
-9.40362,7.09715,23.4916
-12.586,5.56823,22.4165
-12.4748,4.89146,22.5606
-12.7927,4.35611,22.5034
-11.7186,4.31009,23.4814
-9.7134,4.8813,24.7226
-9.60344,4.31503,24.8835
-9.67468,3.9483,25.1701
-11.3594,2.67353,24.3443
-12.8671,1.6933,23.9376
-11.0147,1.75535,25.2219
-10.646,1.706,25.509
-12.1027,0.85819,25.2052
-11.0649,0.959434,25.9048
-11.2832,-0.0744912,25.8838
-12.952,-0.577316,25.6681
-11.4323,-0.9646,26.5198
-9.99486,-0.527512,27.165
-13.175,-2.22672,26.4251
-12.7392,10.8033,20.0184
-13.5487,10.0918,19.7717
-13.5684,9.92765,20.1606
-11.4881,10.018,20.8375
-10.6312,10.0762,21.9196
-12.357,9.09124,21.3567
-14.2992,7.77286,20.9315
-12.9394,7.64811,21.2552
-13.0264,7.42996,21.8889
-12.2251,6.99893,22.1144
-12.4018,6.4577,22.5467
-14.4219,5.29341,21.9025
-10.1549,6.64572,23.7257
-13.3269,4.83784,22.6437
-12.6928,5.06735,23.2959
-11.0545,4.99931,23.9069
-10.2621,4.91592,24.8209
-10.0467,4.4217,25.2352
-11.7793,3.46433,24.3882
-11.2386,3.04413,25.366
-13.8482,1.47166,24.3368
-14.0464,1.21863,24.5237
-11.9799,1.67841,25.4075
-8.9883,2.077,26.9635
-9.23354,1.91017,27.3386
-12.9909,-0.0086328,25.963
-9.4918,0.6425,27.2845
-10.9445,-0.179976,27.298
-11.6369,-0.77354,27.0827
-12.7486,-2.04086,26.9092
-13.3381,10.7623,20.1042
-14.0681,10.2622,20.2963
-12.1849,10.5923,21.1875
-15.0513,9.29218,20.2418
-14.8769,8.43804,20.3701
-14.2391,8.41204,21.1569
-9.93988,9.62542,22.8143
-11.0713,8.59868,22.9109
-10.2934,8.78041,23.164
-11.5981,7.72175,22.7305
-9.99694,7.90087,23.862
-12.8207,6.38531,22.8701
-11.3036,6.29489,23.6793
-11.5035,5.97374,23.75
-12.1348,5.38721,24.2092
-11.0214,5.14529,24.7616
-14.1835,3.48256,23.7353
-13.0286,3.5448,24.1691
-14.0829,2.66665,23.94
-13.5767,2.48741,24.7563
-11.7149,2.8785,25.5993
-13.8087,1.5712,25.2169
-14.0151,1.07038,25.4768
-9.29892,2.53682,27.4844
-13.523,0.657568,25.9366
-12.859,0.266144,26.2388
-13.7367,-0.894826,26.1149
-10.8256,-0.068616,27.6405
-9.05648,0.331224,28.4764
-12.3087,-1.39181,27.4769
-14.6296,10.7674,20.0046
-10.7955,11.645,22.0615
-10.4003,11.4149,22.1959
-13.831,9.59283,20.9032
-14.4545,9.05581,21.0391
-14.5425,8.46829,21.1148
-15.0502,8.11428,21.3408
-12.4832,8.5854,22.6656
-13.2025,8.05124,22.5692
-9.91707,8.41367,24.2766
-12.0919,7.45533,23.5877
-10.0409,7.60444,24.4156
-11.8455,6.65809,24.2467
-12.3522,6.01367,24.1874
-11.6123,5.65512,24.644
-10.966,5.54588,25.2383
-11.7831,4.80533,24.8886
-12.0966,4.32872,25.2732
-14.5523,3.04291,24.5791
-12.65,3.1504,25.3543
-12.3984,3.07826,25.8478
-11.6482,2.8383,26.5301
-14.0263,1.41199,25.4145
-9.78914,2.27119,27.6802
-10.1777,2.02176,27.9418
-9.33868,1.583,28.2513
-10.1181,0.851384,28.0505
-10.0059,0.517108,28.5454
-12.2075,-0.787568,27.8884
-11.1572,-0.639064,28.2408
-12.439,13.5178,24.8049
-14.41,13.3388,24.0571
-17.212,11.7871,23.2195
-12.5789,12.9413,25.5613
-14.7867,11.0139,25.0681
-17.0655,10.266,24.2074
-12.6281,11.6744,26.0571
-12.6768,11.1947,26.5866
-14.5972,9.31972,26.087
-13.0008,9.62504,26.7793
-12.5208,9.51138,26.977
-16.3288,7.61152,25.9915
-12.1582,9.14138,28.0188
-14.738,7.52818,26.7584
-14.0207,7.23069,27.7627
-12.4044,7.01388,28.7053
-12.6735,6.51571,28.5376
-15.7053,5.50138,27.6863
-15.8452,5.01731,27.7499
-12.568,5.75038,29.3645
-13.6961,4.44635,29.557
-14.24,4.15502,29.2053
-13.0507,4.40303,29.4703
-13.8281,3.41497,29.7187
-13.4579,2.94857,30.1921
-13.4872,2.92435,30.047
-12.1035,2.47112,31.3033
-14.3254,1.4382,30.5034
-13.1978,1.24715,31.3301
-13.4863,0.317396,31.4615
-16.6184,12.9017,23.6664
-14.7341,12.798,24.5771
-12.7689,12.9831,25.6084
-16.863,11.7337,24.2379
-17.4841,10.5547,24.1273
-12.652,12.2415,26.5028
-16.363,10.3195,25.0173
-13.3064,11.2839,26.2937
-16.4502,8.93902,25.8298
-16.0379,9.47542,25.9274
-12.278,10.3734,27.8143
-15.5477,8.19522,26.9624
-13.0389,9.07488,28.1028
-14.4808,7.64013,27.966
-13.2698,8.19292,28.4138
-15.8962,6.18894,27.3641
-12.4973,7.3797,28.9809
-13.3918,6.08107,29.0567
-12.8374,6.47764,29.7261
-14.768,4.73501,28.9402
-12.1574,5.71005,30.2074
-15.1493,4.49692,29.1468
-12.4101,4.90027,30.5948
-13.4744,3.78554,30.7811
-11.978,3.77038,31.4395
-12.3702,3.03358,31.3949
-12.033,2.70767,32.0073
-12.1001,2.41762,31.9428
-11.8521,2.4851,31.9399
-13.5415,1.26316,31.7909
-14.5127,13.9156,24.7765
-14.6019,13.2587,25.195
-15.1537,13.007,24.9629
-14.7252,12.211,25.6579
-13.5538,12.6372,26.1669
-14.3547,11.4315,26.4741
-15.0003,11.2616,26.1946
-12.7052,11.906,27.345
-14.1476,9.95744,27.0717
-13.1916,10.8443,27.5052
-16.6591,8.55646,26.8497
-12.8216,9.26157,28.5977
-12.6309,9.2231,28.6839
-14.3398,7.99951,28.2701
-13.0093,8.53947,28.8182
-12.5284,8.38186,29.0874
-13.7966,6.67051,29.0838
-12.4723,7.45548,29.5192
-14.1522,5.77667,29.3838
-14.3509,5.46031,29.7408
-12.8342,6.01921,30.5965
-16.0403,3.94398,29.2115
-12.2039,5.29126,31.1961
-16.5581,2.91485,29.5989
-12.5773,4.26428,31.4213
-14.9269,2.61267,30.7224
-14.0577,2.41595,31.8591
-16.2363,1.22262,30.6555
-11.7231,2.28459,33.3165
-13.0379,1.94207,32.1554
-17.2899,13.2335,24.0583
-17.2969,12.1917,24.5547
-14.9677,13.0034,25.9343
-14.7192,12.4879,25.9728
-15.7544,11.5391,25.8351
-13.2081,12.9381,27.1829
-16.9384,10.7569,25.63
-14.0297,11.5586,27.0089
-13.6956,10.7183,28.081
-16.8708,9.33777,26.8905
-12.7617,10.5717,28.6874
-12.594,10.4641,28.9207
-13.4863,9.06804,28.6281
-14.49,8.28557,28.6181
-15.0509,7.9946,28.7682
-12.4297,8.77853,29.9956
-16.8216,5.9647,28.3352
-14.7044,6.09576,29.49
-15.78,6.07164,29.232
-16.6914,5.20523,28.8035
-12.6905,6.22684,30.7287
-13.8227,5.12199,30.614
-12.5042,5.11279,31.8691
-12.0919,5.12782,32.0136
-14.7858,3.13312,31.075
-13.1036,3.84535,32.007
-13.3021,3.00319,32.4467
-14.894,2.52792,31.9084
-14.2354,1.76946,32.5535
-16.3542,0.876266,31.5316
-13.9063,14.4319,25.9883
-18.3027,13.0468,24.4075
-18.0196,12.7793,24.9245
-15.1264,12.5699,26.3805
-17.0989,11.7668,26.1003
-17.603,10.9364,25.7065
-16.9096,11.0513,26.0058
-16.4679,10.9105,26.6233
-13.6105,11.3943,28.1071
-17.4505,9.18317,27.0241
-15.0123,9.87864,27.9933
-13.8613,9.58775,29.1555
-17.9476,8.15233,27.5217
-15.5245,8.42693,28.8083
-15.5428,7.86312,28.642
-14.1176,8.21897,29.6029
-16.0889,6.72641,29.0031
-15.5564,6.55993,29.9148
-17.4876,5.32151,29.0152
-12.5573,6.94745,31.4026
-13.7096,5.82218,31.0804
-16.3759,4.72174,30.2702
-12.5017,5.29488,32.4542
-17.1328,3.0858,30.7941
-13.8535,4.47325,31.6787
-14.492,3.70878,31.9545
-15.1865,3.02303,31.9363
-12.4034,3.21559,33.408
-12.3969,2.84211,33.5592
-14.3411,1.58162,32.9983
-10.5971,3.86598,29.3654
-14.2993,2.16543,28.1111
-12.2351,2.63125,29.6172
-10.5109,2.68714,30.4118
-11.5422,2.19717,30.1581
-11.8536,1.67729,30.3104
-14.4012,0.003216,29.2162
-14.2205,-0.506848,29.7265
-14.365,2.7787,28.3282
-14.5745,2.68152,28.5731
-14.073,2.45155,29.2036
-15.6551,1.37779,28.6486
-14.0059,1.65779,29.5639
-15.4114,0.53337,28.9365
-10.9336,1.64837,31.5875
-10.8749,1.2849,31.343
-14.2606,3.25065,29.0285
-12.0554,3.69933,29.8539
-11.8556,3.1462,30.3799
-12.7127,2.4393,30.1956
-15.6816,1.18593,29.5281
-10.9194,2.11098,31.4875
-15.167,0.143782,29.9493
-12.3683,0.677828,31.3444
-15.585,3.24785,28.6532
-16.4108,2.68286,28.9004
-11.7969,3.9848,31.0369
-12.1907,2.98276,30.834
-14.7077,1.8422,29.9254
-13.066,1.99805,31.0569
-12.0657,1.79018,31.6736
-13.6598,1.06384,31.3801
-16.9344,15.2931,27.641
-15.6201,15.4115,28.4822
-19.1718,14.0013,27.4842
-15.1725,14.4093,29.1499
-18.7767,12.903,27.7058
-15.0342,13.9507,29.9017
-19.2697,12.0931,28.453
-14.3615,13.3493,30.3993
-16.8483,11.632,29.689
-19.115,10.3749,29.1383
-18.7064,10.3744,29.2577
-17.7194,10.3366,29.9693
-19.1603,9.29828,29.703
-16.108,9.92999,31.1652
-15.1606,9.78336,32.0077
-15.4342,9.25001,32.2207
-18.3739,7.94956,31.2059
-15.5983,8.40359,32.3605
-18.8918,6.65219,31.1341
-16.1135,7.14458,32.7041
-14.4451,7.50087,33.5433
-18.2947,5.47703,32.1111
-15.3872,6.10039,33.8278
-14.158,6.2408,34.6758
-15.0135,5.51223,34.7407
-17.8713,4.32304,33.4838
-17.2743,3.97604,34.1214
-15.1423,4.06828,34.9945
-18.0075,2.95508,34.2809
-15.1907,3.36544,35.3721
-19.7034,14.7339,26.7715
-17.0613,15.1602,28.3376
-18.2098,14.6438,28.3059
-19.1169,13.7913,28.1422
-17.445,13.5575,29.0971
-17.2929,13.399,29.6369
-15.9868,13.0881,30.0933
-19.3455,11.5323,29.0883
-17.4938,11.8126,29.9998
-14.7521,12.3645,31.4949
-16.9182,11.0014,30.6862
-14.6032,11.9668,31.9592
-16.1232,10.5456,31.3029
-16.5426,9.80572,31.4727
-15.0647,9.94557,32.4172
-17.4812,8.90065,31.8633
-17.6003,8.4436,31.6264
-14.7494,8.89876,33.193
-17.5664,7.34081,32.2318
-16.4324,7.48816,32.9619
-16.3244,7.01552,33.6401
-15.6994,6.89456,33.9629
-14.3156,7.17428,34.8911
-17.8257,5.16312,33.7352
-17.0318,5.08845,33.7562
-18.2678,4.20065,33.979
-16.7633,4.03457,34.5776
-17.4259,3.6142,34.6754
-14.6035,4.22847,36.2617
-16.5896,2.7572,35.4421
-16.3006,16.2054,29.3139
-17.9402,15.1241,28.9398
-18.5139,14.5078,28.4213
-17.5335,14.2367,29.2473
-15.0914,14.9677,30.5093
-15.2629,14.497,30.4158
-16.3586,13.6976,30.5154
-18.4099,12.6867,29.8996
-14.9972,13.3818,31.4306
-19.7232,10.7616,29.6196
-18.8233,10.7435,30.3345
-17.4964,10.9069,31.5359
-18.0954,10.079,31.012
-16.9726,10.1364,31.7931
-17.3878,9.74343,31.8173
-14.5248,10.2248,33.4233
-16.6611,9.16243,32.8803
-14.6089,9.41149,33.9817
-17.7762,7.95033,32.6841
-15.8041,7.7825,33.768
-18.202,6.67553,33.3646
-15.0754,7.55732,34.3636
-18.0549,5.86014,33.8585
-18.3844,5.17184,33.8215
-14.6782,6.33036,35.5047
-14.8401,5.59314,35.7572
-19.2491,4.01138,34.2483
-15.1748,5.02856,36.0432
-14.0431,4.72921,36.8656
-16.1488,3.47886,36.1505
-18.9216,15.6678,28.415
-18.1578,15.5315,28.973
-16.1528,15.7554,30.0033
-16.1881,15.3596,30.4825
-19.4526,13.3975,28.9872
-19.7167,12.9705,29.338
-19.4324,12.8768,29.6236
-15.3773,13.9855,31.7864
-19.3191,12.0507,30.2048
-19.7251,11.236,30.4232
-16.0084,12.3372,31.8383
-16.1393,11.7948,32.3356
-16.1995,11.2241,32.7837
-16.9259,10.6667,32.3985
-19.4045,8.89852,31.5108
-15.6577,10,33.5695
-15.1505,10.0273,33.6422
-14.8375,9.50888,34.5493
-17.4152,8.15459,33.5431
-16.1789,7.99907,34.0197
-18.231,6.80138,33.4395
-17.1445,7.22777,34.3501
-15.0923,7.23565,35.1368
-16.8978,6.05223,34.7882
-15.5236,6.04105,35.7094
-16.279,5.64868,35.7328
-14.4754,5.52238,36.4745
-14.7661,5.13373,36.759
-18.5505,3.59215,35.4553
-18.1242,3.37857,35.8404
-16.8926,16.6643,29.9966
-16.0529,16.514,30.0092
-16.4463,16.1087,30.3416
-18.4315,14.7101,30.0051
-15.6806,15.2289,30.9483
-15.2468,14.6965,31.5146
-18.8948,13.241,30.4079
-17.9011,13.1203,31.0767
-18.8972,12.3784,30.7543
-20.0173,11.5562,30.8831
-17.5947,11.6903,31.8113
-17.1667,11.7758,32.3434
-19.6788,10.2238,31.5108
-18.0019,10.3545,32.3204
-15.8214,10.9764,33.6618
-15.5312,10.6,33.7375
-16.2871,10.0153,33.8839
-17.2548,9.03944,33.9271
-16.7487,8.50345,34.0156
-15.9297,8.53563,34.7525
-15.4581,8.31563,35.2772
-18.7129,6.78988,34.2132
-18.4986,6.31507,34.2609
-16.1896,6.68043,35.8621
-16.6247,6.28883,35.5824
-15.1277,6.10465,36.715
-15.5431,5.65572,36.8844
-18.4525,3.93505,35.6863
-15.0728,5.10361,37.4019
-14.8451,4.50081,37.5456
-18.2179,16.5336,29.8262
-20.5485,15.1386,29.0803
-17.3042,16.1311,30.5726
-16.0605,15.6785,31.2305
-20.2189,13.7102,29.6795
-19.8704,4.59433,35.3786
-18.5372,4.39371,35.9447
-15.862,5.30342,37.5519
-15.6209,4.77031,37.8041
-20.625,15.8975,29.3257
-16.4516,17.1093,31.0929
-16.1324,16.7894,31.4343
-18.9745,15.3247,30.6268
-19.8322,14.6207,30.4294
-16.7935,5.49057,36.9639
-15.8367,5.7241,37.4319
-19.032,4.13447,36.525
-16.5013,4.30936,37.7967
-21.2561,15.8726,29.7095
-21.3694,15.6424,29.6537
-17.5944,16.1556,31.3773
-18.4037,15.8621,31.2069
-21.244,13.8962,30.3639
-17.2556,5.85166,37.5896
-17.7132,5.37172,37.5779
-17.9766,4.90049,37.574
-17.8614,4.34868,37.7063
-20.5392,16.7177,30.1249
-16.7028,17.4888,31.7677
-18.6208,16.1812,31.5536
-20.9918,14.7357,30.7746
-17.5641,15.7115,32.5507
-18.439,5.76758,37.2371
-16.2685,6.124,38.3078
-16.474,5.6426,38.6555
-18.7239,4.36119,38.1797
-20.0795,16.8614,30.8041
-20.8089,16.4866,30.7904
-17.8824,16.9717,32.0553
-18.1402,16.3532,32.5463
-17.7072,15.9685,32.8902
-17.1805,6.2478,38.2746
-16.3709,6.46031,38.7553
-20.284,4.61483,37.2784
-19.1369,4.52362,38.4943
-21.286,16.5828,30.6563
-19.3847,17.3092,31.9087
-18.7873,17.049,32.4365
-18.8922,16.3693,32.4332
-17.3259,16.382,33.6929
-17.4441,16.107,33.5809
-19.9093,14.6961,32.6988
-18.1287,14.566,33.7379
-17.7788,14.76,34.4488
-21.3416,13.0163,33.1638
-17.3575,14.0565,34.8402
-17.9066,13.2972,34.9684
-21.1237,11.3513,33.68
-20.9181,11.1192,34.3984
-19.7004,11.1565,34.8821
-18.749,10.8904,35.419
-18.1551,10.6382,35.8924
-19.8783,9.82159,35.6717
-18.246,9.88215,36.5498
-16.8346,10.0228,37.4956
-17.5829,9.46013,37.3122
-17.9375,8.89066,37.4696
-20.469,7.35148,36.5039
-16.7888,8.61057,38.4384
-20.1372,6.52664,37.0015
-16.7724,7.4149,39.1055
-18.3754,6.31865,38.301
-18.6409,6.16163,38.53
-20.0101,4.95561,38.1729
-18.6818,4.84828,38.8243
-18.1955,18.1158,32.581
-20.4942,16.909,31.8401
-21.2273,16.1072,31.5872
-21.5005,15.8261,31.7629
-21.7801,14.8042,31.9342
-19.7597,15.6294,33.0799
-17.3783,15.9804,34.4353
-19.6194,14.3283,33.5501
-21.3794,13.2887,33.1239
-21.8643,12.979,33.3142
-19.5359,13.3777,34.6411
-20.0573,12.555,34.3791
-20.2614,12.0169,34.5244
-19.4348,12.2015,35.3244
-19.1808,11.6284,35.5943
-19.5271,11.3017,35.7291
-20.8654,10.2439,35.2779
-18.496,10.8107,36.5071
-16.6025,10.8891,37.5974
-20.7309,8.71552,36.2751
-19.6787,8.63789,36.8687
-20.293,8.30983,36.9126
-18.6011,8.59125,37.7762
-19.9514,7.67552,37.4046
-16.8013,8.14325,39.1317
-16.7003,7.77017,39.5656
-21.0084,5.69292,37.7209
-21.1405,5.48165,37.9126
-19.1687,5.23712,38.871
-18.6526,5.37628,39.4325
-19.3105,17.9788,32.4618
-19.7866,17.6829,32.5278
-18.7709,17.5723,33.4313
-18.0603,17.3658,34.0933
-20.0622,15.9109,33.4655
-22.1935,14.9421,32.8484
-19.8874,15.548,33.8656
-20.3802,14.8816,34.0069
-19.1063,15.0106,34.7283
-19.4366,13.9558,34.5571
-21.1758,13.0938,33.9285
-17.8735,13.839,35.9051
-20.9558,12.0297,34.9906
-18.8821,12.8653,36.0459
-18.729,12.1759,36.1054
-17.4272,11.9424,37.0568
-19.5299,11.0408,36.5579
-19.2885,10.7835,36.9523
-20.1161,9.89718,36.4603
-18.5109,10.1213,37.4526
-16.5047,10.2605,38.4934
-19.6734,8.53123,37.4509
-19.332,8.35297,38.2114
-19.4956,7.78716,38.0343
-17.3181,8.06853,39.3013
-16.6056,8.13501,39.7962
-18.7925,7.00446,39.3229
-16.6586,7.2228,40.1809
-18.9434,6.21899,39.6318
-20.8856,4.76438,38.9442
-21.5089,17.4003,32.071
-20.0776,17.7121,32.8924
-20.6477,16.889,32.8425
-21.8953,16.0777,33.0896
-18.3442,17.0444,34.2078
-22.2483,15.0299,32.8778
-21.5547,14.9697,33.5111
-22.5194,14.2604,33.7056
-17.6074,15.7059,35.9704
-18.2085,14.7875,35.5923
-21.8627,12.9889,34.31
-18.1982,13.8003,36.2067
-22.167,12.1274,35.0834
-21.0191,12.0495,35.8136
-19.4188,12.3772,36.3804
-19.0933,11.8844,37.1026
-19.494,11.1651,36.7266
-20.1436,10.4443,36.9095
-22.0403,9.71308,36.3441
-19.8514,9.7722,37.7766
-20.1414,9.50717,37.7306
-19.1286,9.35808,38.2486
-18.0611,9.44317,39.0789
-17.5742,9.08657,39.5689
-16.7098,8.80147,40.2472
-21.0016,6.75505,38.2258
-17.6468,7.43945,40.0351
-17.9583,6.94095,40.0442
-20.1312,5.95519,39.5897
-17.8326,6.04201,40.7127
-22.2342,17.804,32.5257
-23.1139,16.6666,32.2882
-18.3593,18.3179,34.27
-19.9269,17.2642,34.2414
-19.8389,16.8497,34.308
-18.4351,16.8351,34.9372
-21.9731,15.1362,34.0679
-20.9646,14.8103,34.5769
-17.8116,15.8019,36.2954
-18.3962,15.0283,36.3235
-22.2283,13.2258,34.9393
-19.4939,14.0641,36.3443
-22.4538,12.1864,35.0266
-18.1158,13.7403,37.3423
-22.5691,11.5621,35.6567
-19.3048,12.1701,37.4277
-21.6548,11.0825,36.4909
-17.8193,11.9491,38.2021
-21.2175,9.94341,36.9245
-20.1189,10.3352,37.962
-21.4827,9.19712,37.631
-18.612,9.63034,38.7592
-16.853,9.62354,39.8785
-20.4729,8.14828,38.5626
-20.1538,7.64608,38.9619
-17.7292,8.54892,40.4409
-21.386,6.74533,39.2149
-18.5194,7.26787,40.6635
-21.033,5.75358,39.9746
-19.3176,6.07523,40.8457